{
  "version": 1,
  "editor": "wokwi",
  "parts": [
    {
      "type": "wokwi-arduino-mega",
      "id": "mega",
      "top": -269.4,
      "left": 498.8,
      "rotate": 180,
      "attrs": {}
    },
    { "type": "wokwi-74hc595", "id": "sr1", "top": -788.4, "left": 2184.64, "attrs": {} },
    {
      "type": "wokwi-gate-and-2",
      "id": "and1",
      "top": 912.4,
      "left": -1987.2,
      "rotate": 180,
      "attrs": {}
    },
    {
      "type": "wokwi-gate-and-2",
      "id": "and2",
      "top": 912.4,
      "left": -1756.8,
      "rotate": 180,
      "attrs": {}
    },
    {
      "type": "wokwi-gate-and-2",
      "id": "and3",
      "top": 912.4,
      "left": -1593.6,
      "rotate": 180,
      "attrs": {}
    },
    {
      "type": "wokwi-gate-and-2",
      "id": "and4",
      "top": 912.4,
      "left": -1382.4,
      "rotate": 180,
      "attrs": {}
    },
    {
      "type": "wokwi-gate-xor-2",
      "id": "xor1",
      "top": 989,
      "left": -1910.2,
      "rotate": 90,
      "attrs": {}
    },
    {
      "type": "wokwi-gate-xor-2",
      "id": "xor2",
      "top": 989,
      "left": -1689.4,
      "rotate": 90,
      "attrs": {}
    },
    {
      "type": "wokwi-gate-xor-2",
      "id": "xor3",
      "top": 989,
      "left": -1526.2,
      "rotate": 90,
      "attrs": {}
    },
    {
      "type": "wokwi-gate-xor-2",
      "id": "xor4",
      "top": 1006.9,
      "left": -1313.6,
      "rotate": 90,
      "attrs": {}
    },
    { "type": "wokwi-flip-flop-dsr", "id": "flop1", "top": 1219.2, "left": -1305.6, "attrs": {} },
    { "type": "wokwi-flip-flop-dsr", "id": "flop2", "top": 1219.2, "left": -1497.6, "attrs": {} },
    { "type": "wokwi-flip-flop-dsr", "id": "flop3", "top": 1209.6, "left": -1680, "attrs": {} },
    { "type": "wokwi-flip-flop-dsr", "id": "flop4", "top": 1209.6, "left": -1881.6, "attrs": {} },
    {
      "type": "wokwi-mux-2",
      "id": "mux1",
      "top": 1128,
      "left": -1396.8,
      "rotate": 90,
      "attrs": {}
    },
    {
      "type": "wokwi-mux-2",
      "id": "mux2",
      "top": 1137.6,
      "left": -1579.2,
      "rotate": 90,
      "attrs": {}
    },
    {
      "type": "wokwi-mux-2",
      "id": "mux3",
      "top": 1147.2,
      "left": -1752,
      "rotate": 90,
      "attrs": {}
    },
    {
      "type": "wokwi-mux-2",
      "id": "mux4",
      "top": 1137.6,
      "left": -1972.8,
      "rotate": 90,
      "attrs": {}
    },
    {
      "type": "wokwi-mux-2",
      "id": "mux13",
      "top": 244.8,
      "left": -2923.2,
      "rotate": 90,
      "attrs": {}
    },
    {
      "type": "wokwi-mux-2",
      "id": "mux14",
      "top": 244.8,
      "left": -2606.4,
      "rotate": 90,
      "attrs": {}
    },
    {
      "type": "wokwi-mux-2",
      "id": "mux15",
      "top": 244.8,
      "left": -2414.4,
      "rotate": 90,
      "attrs": {}
    },
    {
      "type": "wokwi-mux-2",
      "id": "mux16",
      "top": 244.8,
      "left": -2260.8,
      "rotate": 90,
      "attrs": {}
    },
    { "type": "wokwi-flip-flop-dsr", "id": "flop13", "top": 374.4, "left": -2236.8, "attrs": {} },
    { "type": "wokwi-flip-flop-dsr", "id": "flop14", "top": 364.8, "left": -2390.4, "attrs": {} },
    { "type": "wokwi-flip-flop-dsr", "id": "flop15", "top": 374.4, "left": -2563.2, "attrs": {} },
    {
      "type": "wokwi-flip-flop-dsr",
      "id": "flop16",
      "top": 380.53,
      "left": -2737.87,
      "attrs": {}
    },
    {
      "type": "wokwi-mux-2",
      "id": "mux17",
      "top": 244.8,
      "left": -2116.8,
      "rotate": 90,
      "attrs": {}
    },
    {
      "type": "wokwi-mux-2",
      "id": "mux18",
      "top": 244.8,
      "left": -1972.8,
      "rotate": 90,
      "attrs": {}
    },
    {
      "type": "wokwi-mux-2",
      "id": "mux19",
      "top": 244.8,
      "left": -1809.6,
      "rotate": 90,
      "attrs": {}
    },
    {
      "type": "wokwi-mux-2",
      "id": "mux20",
      "top": 254.4,
      "left": -2779.2,
      "rotate": 90,
      "attrs": {}
    },
    { "type": "wokwi-flip-flop-dsr", "id": "flop17", "top": 374.4, "left": -2092.8, "attrs": {} },
    { "type": "wokwi-flip-flop-dsr", "id": "flop18", "top": 374.4, "left": -1939.2, "attrs": {} },
    { "type": "wokwi-flip-flop-dsr", "id": "flop19", "top": 374.4, "left": -1776, "attrs": {} },
    { "type": "wokwi-flip-flop-dsr", "id": "flop20", "top": 403.2, "left": -2908.8, "attrs": {} },
    {
      "type": "wokwi-mux-2",
      "id": "mux5",
      "top": -225.6,
      "left": 1300.8,
      "rotate": 90,
      "attrs": {}
    },
    {
      "type": "wokwi-mux-2",
      "id": "mux6",
      "top": -230.96,
      "left": 1595.21,
      "rotate": 90,
      "attrs": {}
    },
    {
      "type": "wokwi-mux-2",
      "id": "mux7",
      "top": -230.96,
      "left": 1787.21,
      "rotate": 90,
      "attrs": {}
    },
    {
      "type": "wokwi-mux-2",
      "id": "mux8",
      "top": -230.96,
      "left": 1940.81,
      "rotate": 90,
      "attrs": {}
    },
    { "type": "wokwi-flip-flop-dsr", "id": "flop5", "top": -124.8, "left": 1948.8, "attrs": {} },
    { "type": "wokwi-flip-flop-dsr", "id": "flop6", "top": -115.2, "left": 1795.2, "attrs": {} },
    { "type": "wokwi-flip-flop-dsr", "id": "flop7", "top": -105.6, "left": 1641.6, "attrs": {} },
    { "type": "wokwi-flip-flop-dsr", "id": "flop8", "top": -105.6, "left": 1526.4, "attrs": {} },
    {
      "type": "wokwi-mux-2",
      "id": "mux9",
      "top": -230.96,
      "left": 2084.81,
      "rotate": 90,
      "attrs": {}
    },
    {
      "type": "wokwi-mux-2",
      "id": "mux10",
      "top": -230.96,
      "left": 2228.81,
      "rotate": 90,
      "attrs": {}
    },
    {
      "type": "wokwi-mux-2",
      "id": "mux11",
      "top": -230.96,
      "left": 2392.01,
      "rotate": 90,
      "attrs": {}
    },
    {
      "type": "wokwi-mux-2",
      "id": "mux12",
      "top": -221.36,
      "left": 1422.41,
      "rotate": 90,
      "attrs": {}
    },
    { "type": "wokwi-flip-flop-dsr", "id": "flop9", "top": -124.8, "left": 2102.4, "attrs": {} },
    { "type": "wokwi-flip-flop-dsr", "id": "flop10", "top": -105.6, "left": 2246.4, "attrs": {} },
    { "type": "wokwi-flip-flop-dsr", "id": "flop11", "top": -115.2, "left": 2400, "attrs": {} },
    { "type": "wokwi-flip-flop-dsr", "id": "flop12", "top": -105.6, "left": 1334.4, "attrs": {} },
    {
      "type": "wokwi-mux-2",
      "id": "mux21",
      "top": -2049.6,
      "left": -2932.8,
      "rotate": 90,
      "attrs": {}
    },
    {
      "type": "wokwi-mux-2",
      "id": "mux22",
      "top": -2049.6,
      "left": -2616,
      "rotate": 90,
      "attrs": {}
    },
    {
      "type": "wokwi-mux-2",
      "id": "mux23",
      "top": -2049.6,
      "left": -2424,
      "rotate": 90,
      "attrs": {}
    },
    {
      "type": "wokwi-mux-2",
      "id": "mux24",
      "top": -2049.6,
      "left": -2270.4,
      "rotate": 90,
      "attrs": {}
    },
    { "type": "wokwi-flip-flop-dsr", "id": "flop21", "top": -1920, "left": -2246.4, "attrs": {} },
    { "type": "wokwi-flip-flop-dsr", "id": "flop22", "top": -1920, "left": -2400, "attrs": {} },
    {
      "type": "wokwi-flip-flop-dsr",
      "id": "flop23",
      "top": -1917.64,
      "left": -2575.01,
      "attrs": {}
    },
    {
      "type": "wokwi-flip-flop-dsr",
      "id": "flop24",
      "top": -1917.64,
      "left": -2757.41,
      "attrs": {}
    },
    {
      "type": "wokwi-mux-2",
      "id": "mux25",
      "top": -2049.6,
      "left": -2126.4,
      "rotate": 90,
      "attrs": {}
    },
    {
      "type": "wokwi-mux-2",
      "id": "mux26",
      "top": -2049.6,
      "left": -1982.4,
      "rotate": 90,
      "attrs": {}
    },
    {
      "type": "wokwi-mux-2",
      "id": "mux27",
      "top": -2049.6,
      "left": -1819.2,
      "rotate": 90,
      "attrs": {}
    },
    {
      "type": "wokwi-mux-2",
      "id": "mux28",
      "top": -2040,
      "left": -2788.8,
      "rotate": 90,
      "attrs": {}
    },
    { "type": "wokwi-flip-flop-dsr", "id": "flop25", "top": -1920, "left": -2102.4, "attrs": {} },
    { "type": "wokwi-flip-flop-dsr", "id": "flop26", "top": -1920, "left": -1948.8, "attrs": {} },
    { "type": "wokwi-flip-flop-dsr", "id": "flop27", "top": -1920, "left": -1785.6, "attrs": {} },
    { "type": "wokwi-flip-flop-dsr", "id": "flop28", "top": -1920, "left": -2908.8, "attrs": {} },
    { "type": "wokwi-gate-xor-2", "id": "gate1", "top": -1339.02, "left": -3129.9, "attrs": {} },
    { "type": "wokwi-gate-xor-2", "id": "gate2", "top": -1329.5, "left": -3014.82, "attrs": {} },
    { "type": "wokwi-gate-and-2", "id": "gate3", "top": -1281.86, "left": -3032.1, "attrs": {} },
    { "type": "wokwi-gate-and-2", "id": "gate4", "top": -1243.32, "left": -3124.95, "attrs": {} },
    { "type": "wokwi-gate-or-2", "id": "gate5", "top": -1272.26, "left": -2955.3, "attrs": {} },
    { "type": "wokwi-gate-xor-2", "id": "xor5", "top": -1166.66, "left": -3252.9, "attrs": {} },
    { "type": "wokwi-gate-xor-2", "id": "gate6", "top": -1348.62, "left": -2592.3, "attrs": {} },
    { "type": "wokwi-gate-xor-2", "id": "gate7", "top": -1349.06, "left": -2427.3, "attrs": {} },
    { "type": "wokwi-gate-and-2", "id": "gate8", "top": -1291.46, "left": -2456.1, "attrs": {} },
    { "type": "wokwi-gate-and-2", "id": "gate9", "top": -1252.62, "left": -2573.1, "attrs": {} },
    { "type": "wokwi-gate-or-2", "id": "gate10", "top": -1281.86, "left": -2369.7, "attrs": {} },
    { "type": "wokwi-gate-xor-2", "id": "xor6", "top": -1233.86, "left": -2705.7, "attrs": {} },
    { "type": "wokwi-gate-xor-2", "id": "gate11", "top": -1329.42, "left": -2045.1, "attrs": {} },
    { "type": "wokwi-gate-xor-2", "id": "gate12", "top": -1319.82, "left": -1920.3, "attrs": {} },
    { "type": "wokwi-gate-and-2", "id": "gate13", "top": -1271.82, "left": -1910.7, "attrs": {} },
    { "type": "wokwi-gate-and-2", "id": "gate14", "top": -1233.42, "left": -2045.1, "attrs": {} },
    { "type": "wokwi-gate-or-2", "id": "gate15", "top": -1243.02, "left": -1785.9, "attrs": {} },
    { "type": "wokwi-gate-xor-2", "id": "xor7", "top": -1214.22, "left": -2189.1, "attrs": {} },
    { "type": "wokwi-gate-xor-2", "id": "gate16", "top": -1291.46, "left": -1419.3, "attrs": {} },
    { "type": "wokwi-gate-xor-2", "id": "gate17", "top": -1281.5, "left": -1296.42, "attrs": {} },
    { "type": "wokwi-gate-and-2", "id": "gate18", "top": -1233.86, "left": -1313.7, "attrs": {} },
    { "type": "wokwi-gate-and-2", "id": "gate19", "top": -1195.32, "left": -1406.55, "attrs": {} },
    { "type": "wokwi-gate-or-2", "id": "gate20", "top": -1228.8, "left": -1209.6, "attrs": {} },
    { "type": "wokwi-gate-xor-2", "id": "xor8", "top": -1195.46, "left": -1630.5, "attrs": {} },
    { "type": "wokwi-gate-xor-2", "id": "gate21", "top": -1386.55, "left": -947.06, "attrs": {} },
    { "type": "wokwi-gate-xor-2", "id": "gate22", "top": -1377.03, "left": -831.98, "attrs": {} },
    { "type": "wokwi-gate-and-2", "id": "gate23", "top": -1329.39, "left": -849.26, "attrs": {} },
    { "type": "wokwi-gate-and-2", "id": "gate24", "top": -1291.46, "left": -948.9, "attrs": {} },
    { "type": "wokwi-gate-or-2", "id": "gate25", "top": -1320.26, "left": -747.3, "attrs": {} },
    { "type": "wokwi-gate-xor-2", "id": "xor9", "top": -1205.06, "left": -1064.1, "attrs": {} },
    { "type": "wokwi-gate-xor-2", "id": "gate26", "top": -1377.86, "left": -478.5, "attrs": {} },
    { "type": "wokwi-gate-xor-2", "id": "gate27", "top": -1368.26, "left": -363.3, "attrs": {} },
    { "type": "wokwi-gate-and-2", "id": "gate28", "top": -1320.26, "left": -372.9, "attrs": {} },
    { "type": "wokwi-gate-and-2", "id": "gate29", "top": -1281.86, "left": -468.9, "attrs": {} },
    { "type": "wokwi-gate-or-2", "id": "gate30", "top": -1310.66, "left": -276.9, "attrs": {} },
    { "type": "wokwi-gate-xor-2", "id": "xor10", "top": -1272.26, "left": -593.7, "attrs": {} },
    { "type": "wokwi-gate-xor-2", "id": "gate31", "top": -1372.86, "left": 4.81, "attrs": {} },
    { "type": "wokwi-gate-xor-2", "id": "gate32", "top": -1367.57, "left": 115.27, "attrs": {} },
    { "type": "wokwi-gate-and-2", "id": "gate33", "top": -1319.93, "left": 97.99, "attrs": {} },
    { "type": "wokwi-gate-and-2", "id": "gate34", "top": -1281.39, "left": 5.14, "attrs": {} },
    { "type": "wokwi-gate-or-2", "id": "gate35", "top": -1310.8, "left": 199.95, "attrs": {} },
    { "type": "wokwi-gate-xor-2", "id": "xor11", "top": -1281.39, "left": -158.06, "attrs": {} },
    { "type": "wokwi-gate-xor-2", "id": "gate36", "top": -1353.52, "left": 497.56, "attrs": {} },
    { "type": "wokwi-gate-xor-2", "id": "gate37", "top": -1348.23, "left": 608.02, "attrs": {} },
    { "type": "wokwi-gate-and-2", "id": "gate38", "top": -1300.59, "left": 590.74, "attrs": {} },
    { "type": "wokwi-gate-and-2", "id": "gate39", "top": -1262.05, "left": 497.89, "attrs": {} },
    { "type": "wokwi-gate-or-2", "id": "gate40", "top": -1291.46, "left": 692.7, "attrs": {} },
    { "type": "wokwi-gate-xor-2", "id": "xor12", "top": -1262.19, "left": 321.94, "attrs": {} },
    { "type": "wokwi-gnd", "id": "gnd1", "top": -748.8, "left": 2437.8, "attrs": {} },
    {
      "type": "wokwi-led",
      "id": "led10",
      "top": 520,
      "left": -2847,
      "rotate": 180,
      "attrs": { "color": "yellow" }
    },
    {
      "type": "wokwi-led",
      "id": "led11",
      "top": 520,
      "left": -1848.6,
      "rotate": 180,
      "attrs": { "color": "yellow" }
    },
    {
      "type": "wokwi-led",
      "id": "led12",
      "top": 520,
      "left": -2031,
      "rotate": 180,
      "attrs": { "color": "yellow" }
    },
    {
      "type": "wokwi-led",
      "id": "led13",
      "top": 520,
      "left": -2146.2,
      "rotate": 180,
      "attrs": { "color": "yellow" }
    },
    {
      "type": "wokwi-led",
      "id": "led14",
      "top": 520,
      "left": -2299.8,
      "rotate": 180,
      "attrs": { "color": "yellow" }
    },
    {
      "type": "wokwi-led",
      "id": "led15",
      "top": 520,
      "left": -2491.8,
      "rotate": 180,
      "attrs": { "color": "yellow" }
    },
    {
      "type": "wokwi-led",
      "id": "led16",
      "top": 520,
      "left": -2683.8,
      "rotate": 180,
      "attrs": { "color": "yellow" }
    },
    {
      "type": "wokwi-led",
      "id": "led17",
      "top": 520,
      "left": -1685.4,
      "rotate": 180,
      "attrs": { "color": "yellow" }
    },
    { "type": "wokwi-gnd", "id": "gnd2", "top": 572.53, "left": -1605.67, "attrs": {} },
    {
      "type": "wokwi-led",
      "id": "led1",
      "top": -1011.6,
      "left": 2125.4,
      "attrs": { "color": "limegreen" }
    },
    {
      "type": "wokwi-led",
      "id": "led2",
      "top": -1011.6,
      "left": 2154.2,
      "attrs": { "color": "limegreen" }
    },
    {
      "type": "wokwi-led",
      "id": "led3",
      "top": -1011.6,
      "left": 2183,
      "attrs": { "color": "limegreen" }
    },
    {
      "type": "wokwi-led",
      "id": "led4",
      "top": -1011.6,
      "left": 2211.8,
      "attrs": { "color": "limegreen" }
    },
    {
      "type": "wokwi-led",
      "id": "led5",
      "top": -1011.6,
      "left": 2240.6,
      "attrs": { "color": "limegreen" }
    },
    {
      "type": "wokwi-led",
      "id": "led6",
      "top": -1011.6,
      "left": 2269.4,
      "attrs": { "color": "limegreen" }
    },
    {
      "type": "wokwi-led",
      "id": "led7",
      "top": -1011.6,
      "left": 2298.2,
      "attrs": { "color": "limegreen" }
    },
    {
      "type": "wokwi-led",
      "id": "led8",
      "top": -1011.6,
      "left": 2327,
      "attrs": { "color": "limegreen" }
    },
    {
      "type": "wokwi-led",
      "id": "led9",
      "top": -1011.6,
      "left": 2355.8,
      "attrs": { "color": "limegreen" }
    },
    {
      "type": "wokwi-led",
      "id": "led18",
      "top": 203.2,
      "left": 1405.8,
      "rotate": 180,
      "attrs": { "color": "magenta" }
    },
    {
      "type": "wokwi-led",
      "id": "led19",
      "top": 203.2,
      "left": 1434.6,
      "rotate": 180,
      "attrs": { "color": "magenta" }
    },
    {
      "type": "wokwi-led",
      "id": "led20",
      "top": 203.2,
      "left": 1463.4,
      "rotate": 180,
      "attrs": { "color": "magenta" }
    },
    {
      "type": "wokwi-led",
      "id": "led21",
      "top": 203.2,
      "left": 1540.2,
      "rotate": 180,
      "attrs": { "color": "magenta" }
    },
    {
      "type": "wokwi-led",
      "id": "led22",
      "top": 203.2,
      "left": 1501.8,
      "rotate": 180,
      "attrs": { "color": "magenta" }
    },
    {
      "type": "wokwi-led",
      "id": "led23",
      "top": 203.2,
      "left": 1578.6,
      "rotate": 180,
      "attrs": { "color": "magenta" }
    },
    {
      "type": "wokwi-led",
      "id": "led24",
      "top": 203.2,
      "left": 1617,
      "rotate": 180,
      "attrs": { "color": "magenta" }
    },
    {
      "type": "wokwi-led",
      "id": "led25",
      "top": 203.2,
      "left": 1655.4,
      "rotate": 180,
      "attrs": { "color": "magenta" }
    },
    { "type": "wokwi-gnd", "id": "gnd3", "top": 259.2, "left": 1804.2, "attrs": {} },
    {
      "type": "wokwi-led",
      "id": "led26",
      "top": 1412.8,
      "left": -1224.6,
      "rotate": 180,
      "attrs": { "color": "red" }
    },
    {
      "type": "wokwi-led",
      "id": "led27",
      "top": 1412.8,
      "left": -1253.4,
      "rotate": 180,
      "attrs": { "color": "red" }
    },
    {
      "type": "wokwi-led",
      "id": "led28",
      "top": 1412.8,
      "left": -1282.2,
      "rotate": 180,
      "attrs": { "color": "red" }
    },
    {
      "type": "wokwi-led",
      "id": "led29",
      "top": 1412.8,
      "left": -1311,
      "rotate": 180,
      "attrs": { "color": "red" }
    },
    { "type": "wokwi-gnd", "id": "gnd4", "top": 1459.2, "left": -1095, "attrs": {} },
    {
      "type": "wokwi-led",
      "id": "led30",
      "top": -2346,
      "left": -1801,
      "attrs": { "color": "cyan" }
    },
    {
      "type": "wokwi-led",
      "id": "led31",
      "top": -2346,
      "left": -1829.8,
      "attrs": { "color": "cyan" }
    },
    {
      "type": "wokwi-led",
      "id": "led32",
      "top": -2346,
      "left": -1858.6,
      "attrs": { "color": "cyan" }
    },
    {
      "type": "wokwi-led",
      "id": "led33",
      "top": -2346,
      "left": -1887.4,
      "attrs": { "color": "cyan" }
    },
    {
      "type": "wokwi-led",
      "id": "led34",
      "top": -2346,
      "left": -1916.2,
      "attrs": { "color": "cyan" }
    },
    {
      "type": "wokwi-led",
      "id": "led35",
      "top": -2346,
      "left": -1945,
      "attrs": { "color": "cyan" }
    },
    {
      "type": "wokwi-led",
      "id": "led36",
      "top": -2346,
      "left": -1973.8,
      "attrs": { "color": "cyan" }
    },
    {
      "type": "wokwi-led",
      "id": "led37",
      "top": -2346,
      "left": -2002.6,
      "attrs": { "color": "cyan" }
    },
    { "type": "wokwi-gnd", "id": "gnd5", "top": -2275.2, "left": -1690.2, "attrs": {} }
  ],
  "connections": [
    [ "mux1:OUT", "flop1:D", "green", [ "v0" ] ],
    [ "xor4:OUT", "mux1:B", "green", [ "v0", "h-76.8" ] ],
    [ "flop1:Q", "and4:A", "green", [ "v0" ] ],
    [ "flop1:Q", "xor4:A", "red", [ "v-268.8", "h-57.6" ] ],
    [ "and4:OUT", "and3:B", "green", [ "v0", "h-86.4", "v-9.6" ] ],
    [ "and4:OUT", "xor3:A", "green", [ "v0", "h-86.4" ] ],
    [ "mux2:OUT", "flop2:D", "green", [ "v0" ] ],
    [ "xor3:OUT", "mux2:B", "green", [ "v19.2", "h-57.6" ] ],
    [ "mux3:OUT", "flop3:D", "green", [ "v0" ] ],
    [ "xor2:OUT", "mux3:B", "green", [ "v28.8", "h-57.6" ] ],
    [ "mux4:OUT", "flop4:D", "green", [ "v0" ] ],
    [ "xor1:OUT", "mux4:B", "green", [ "v19.2", "h-28.8" ] ],
    [ "flop4:Q", "and1:A", "green", [ "v-288", "h-96" ] ],
    [ "flop4:Q", "xor1:A", "green", [ "v-288", "h-76.8" ] ],
    [ "and2:OUT", "and1:B", "green", [ "v0", "h-96", "v-19.2" ] ],
    [ "and2:OUT", "xor1:B", "green", [ "v0", "h-105.6" ] ],
    [ "and3:OUT", "and2:B", "green", [ "v0", "h-38.4", "v-9.6" ] ],
    [ "and3:OUT", "xor2:A", "green", [ "v0", "h-57.6" ] ],
    [ "flop3:Q", "and2:A", "green", [ "v0" ] ],
    [ "flop3:Q", "xor2:B", "blue", [ "v-288", "h-67.2" ] ],
    [ "flop2:Q", "and3:A", "green", [ "v0" ] ],
    [ "flop2:Q", "xor3:B", "green", [ "v-278.4", "h-86.4" ] ],
    [ "and4:B", "xor4:B", "green", [ "h19.2", "v48" ] ],
    [ "mux4:SEL", "mux3:SEL", "#8f4814", [ "v28.8", "h220.8" ] ],
    [ "mux3:SEL", "mux2:SEL", "#8f4814", [ "v19.2", "h172.8" ] ],
    [ "mux2:SEL", "mux1:SEL", "#8f4814", [ "v28.8", "h182.4" ] ],
    [ "flop4:CLK", "flop3:CLK", "blue", [ "h0", "v76.8", "h201.6" ] ],
    [ "flop3:CLK", "flop2:CLK", "blue", [ "h0", "v76.8", "h182.4" ] ],
    [ "flop2:CLK", "flop1:CLK", "blue", [ "h0", "v67.2", "h201.6" ] ],
    [ "flop4:CLK", "mega:A0", "blue", [ "h-183.77", "v-427.06", "h1353.6", "v0", "h9.6" ] ],
    [
      "mux4:SEL",
      "mega:A12",
      "#8f4814",
      [ "v-4.66", "h-97.37", "v-316.8", "h1219.2", "v124.8", "h183.65" ]
    ],
    [ "mux1:A", "mega:30", "black", [ "v-14.26", "h430.63", "v-67.2" ] ],
    [ "mux2:A", "mega:31", "black", [ "v-14.26", "h622.63", "v-38.4" ] ],
    [ "mux3:A", "mega:32", "black", [ "v-4.66", "h776.23", "v0" ] ],
    [ "mux4:A", "mega:33", "black", [ "v-4.66", "h987.43", "v-57.6" ] ],
    [ "flop1:Q", "mega:42", "gold", [ "v-14.26", "h277.03", "v-220.8" ] ],
    [ "flop2:Q", "mega:43", "gold", [ "v4.94", "h27.43", "v124.8", "h432", "v-364.8" ] ],
    [ "flop3:Q", "mega:44", "gold", [ "v4.94", "h17.83", "v115.2", "h604.8", "v-315.6" ] ],
    [ "flop4:Q", "mega:45", "gold", [ "v4.94", "h27.43", "v144", "h787.2", "v-384", "h208.6" ] ],
    [ "and4:B", "mega:A4", "yellow", [ "h85.03", "v-62.26", "h460.8" ] ],
    [ "flop20:Q", "mux13:A", "green", [ "v0" ] ],
    [ "flop16:Q", "mux20:A", "green", [ "v0" ] ],
    [ "flop15:Q", "mux14:A", "green", [ "v0" ] ],
    [ "flop14:Q", "mux15:A", "green", [ "v0" ] ],
    [ "flop13:Q", "mux16:A", "limegreen", [ "v0" ] ],
    [ "flop17:Q", "mux17:A", "limegreen", [ "v0" ] ],
    [ "flop18:Q", "mux18:A", "limegreen", [ "v0" ] ],
    [ "flop19:Q", "mux19:A", "green", [ "v0" ] ],
    [ "mux20:SEL", "mux14:SEL", "#8f4814", [ "v19.2", "h172.8" ] ],
    [ "mux14:SEL", "mux15:SEL", "#8f4814", [ "v28.8", "h192" ] ],
    [ "mux15:SEL", "mux16:SEL", "#8f4814", [ "v28.8", "h153.6" ] ],
    [ "mux16:SEL", "mux17:SEL", "#8f4814", [ "v28.8", "h144" ] ],
    [ "mux17:SEL", "mux18:SEL", "#8f4814", [ "v28.8", "h144" ] ],
    [ "mux18:SEL", "mux19:SEL", "#8f4814", [ "v28.8", "h163.2" ] ],
    [ "flop20:CLK", "flop16:CLK", "blue", [ "v48", "h170.93" ] ],
    [ "flop16:CLK", "flop15:CLK", "blue", [ "h0", "v57.6", "h182.4" ] ],
    [ "flop15:CLK", "flop14:CLK", "blue", [ "h0", "v57.6", "h163.2" ] ],
    [ "flop14:CLK", "flop13:CLK", "blue", [ "h0", "v67.2", "h153.6" ] ],
    [ "flop13:CLK", "flop17:CLK", "blue", [ "h0", "v57.6", "h144" ] ],
    [ "flop17:CLK", "flop18:CLK", "blue", [ "h0", "v57.6", "h153.6", "v-57.6" ] ],
    [ "flop18:CLK", "flop19:CLK", "blue", [ "h0", "v57.6", "h172.8" ] ],
    [ "mux13:OUT", "flop20:D", "green", [ "v48", "h-28.8" ] ],
    [ "mux20:OUT", "flop16:D", "green", [ "v38.4", "h-9.6" ] ],
    [ "mux14:OUT", "flop15:D", "green", [ "v28.8", "h-19.2", "v9.6" ] ],
    [ "mux15:OUT", "flop14:D", "limegreen", [ "v19.2", "h-38.4" ] ],
    [ "mux16:OUT", "flop13:D", "green", [ "v28.8", "h-28.8" ] ],
    [ "mux17:OUT", "flop17:D", "green", [ "v38.4", "h-28.8" ] ],
    [ "mux18:OUT", "flop18:D", "green", [ "v28.8", "h-19.2" ] ],
    [ "mux19:OUT", "flop19:D", "green", [ "v19.2", "h-19.2" ] ],
    [ "mux13:SEL", "mux20:SEL", "#8f4814", [ "v28.8", "h144" ] ],
    [ "flop20:R", "flop16:R", "white", [ "h0" ] ],
    [ "flop16:R", "flop15:R", "white", [ "h0" ] ],
    [ "flop15:R", "flop14:R", "white", [ "h0" ] ],
    [ "flop14:R", "flop13:R", "white", [ "h124.8", "v19.2" ] ],
    [ "flop13:R", "flop17:R", "white", [ "h0" ] ],
    [ "flop17:R", "flop18:R", "white", [ "h0" ] ],
    [ "flop18:R", "flop19:R", "white", [ "h0" ] ],
    [ "mux13:SEL", "mega:A6", "#8f4814", [ "v-22.67", "h-1153.87", "v-998.4", "h19.2" ] ],
    [ "mega:A2", "flop20:CLK", "blue", [ "v-131.7", "h-217.7", "v0", "h-1209.6", "v-28.8" ] ],
    [
      "mega:A9",
      "flop20:R",
      "white",
      [ "v-160.5", "h-1038", "v9.6", "h-412.8", "v1084.8", "h-2102.4", "v-214.67" ]
    ],
    [ "mux19:B", "mega:14", "black", [ "v-57.6", "h2305.9" ] ],
    [ "mux18:B", "mega:15", "black", [ "v-48", "h2459.6" ] ],
    [ "mux17:B", "mega:16", "black", [ "v-38.4", "h2594.1" ] ],
    [ "mega:17", "mux16:B", "black", [ "v326.4", "h-2728.6" ] ],
    [ "mux15:B", "mega:18", "black", [ "v-28.8", "h2872.7" ] ],
    [ "mega:19", "mux14:B", "black", [ "v336", "h103.7" ] ],
    [ "mux20:B", "mega:20", "black", [ "v-19.2", "h3218" ] ],
    [ "mux13:B", "mega:21", "black", [ "v-19.2", "h3352.5" ] ],
    [ "flop12:Q", "mux5:A", "green", [ "v0" ] ],
    [ "flop8:Q", "mux12:A", "green", [ "v0" ] ],
    [ "flop7:Q", "mux6:A", "green", [ "v0" ] ],
    [ "flop6:Q", "mux7:A", "green", [ "v0" ] ],
    [ "flop5:Q", "mux8:A", "green", [ "v0" ] ],
    [ "flop9:Q", "mux9:A", "green", [ "v0" ] ],
    [ "flop10:Q", "mux10:A", "green", [ "v0" ] ],
    [ "flop11:Q", "mux11:A", "green", [ "v0" ] ],
    [ "mux12:SEL", "mux6:SEL", "#8f4814", [ "v19.2", "h172.8" ] ],
    [ "mux6:SEL", "mux7:SEL", "#8f4814", [ "v28.8", "h192" ] ],
    [ "mux7:SEL", "mux8:SEL", "#8f4814", [ "v28.8", "h153.6" ] ],
    [ "mux8:SEL", "mux9:SEL", "#8f4814", [ "v28.8", "h144" ] ],
    [ "mux9:SEL", "mux10:SEL", "#8f4814", [ "v28.8", "h144" ] ],
    [ "mux10:SEL", "mux11:SEL", "#8f4814", [ "v28.8", "h163.2" ] ],
    [ "flop12:CLK", "flop8:CLK", "blue", [ "h0", "v48", "h163.2" ] ],
    [ "flop8:CLK", "flop7:CLK", "blue", [ "h0", "v57.6", "h182.4" ] ],
    [ "flop7:CLK", "flop6:CLK", "blue", [ "h0", "v57.6", "h163.2" ] ],
    [ "flop6:CLK", "flop5:CLK", "blue", [ "h0", "v67.2", "h153.6" ] ],
    [ "flop5:CLK", "flop9:CLK", "blue", [ "h0", "v57.6", "h144" ] ],
    [ "flop9:CLK", "flop10:CLK", "blue", [ "h0", "v57.6", "h153.6", "v-57.6" ] ],
    [ "flop10:CLK", "flop11:CLK", "blue", [ "h0", "v57.6", "h172.8" ] ],
    [ "mux5:OUT", "flop12:D", "green", [ "v48", "h-28.8" ] ],
    [ "mux12:OUT", "flop8:D", "green", [ "v38.4", "h-9.6" ] ],
    [ "mux6:OUT", "flop7:D", "green", [ "v28.8", "h-19.2", "v9.6" ] ],
    [ "mux7:OUT", "flop6:D", "green", [ "v19.2", "h-38.4" ] ],
    [ "mux8:OUT", "flop5:D", "green", [ "v28.8", "h-28.8" ] ],
    [ "mux9:OUT", "flop9:D", "green", [ "v38.4", "h-28.8" ] ],
    [ "mux10:OUT", "flop10:D", "green", [ "v28.8", "h-19.2" ] ],
    [ "mux11:OUT", "flop11:D", "green", [ "v19.2", "h-19.2" ] ],
    [ "mux5:SEL", "mux12:SEL", "#8f4814", [ "v28.8", "h144" ] ],
    [ "flop12:R", "flop8:R", "white", [ "h0" ] ],
    [ "flop7:R", "flop6:R", "white", [ "h0" ] ],
    [ "flop5:R", "flop9:R", "white", [ "h0" ] ],
    [ "flop9:R", "flop10:R", "white", [ "h0" ] ],
    [ "flop10:R", "flop11:R", "white", [ "h0" ] ],
    [ "flop8:R", "flop7:R", "white", [ "h0", "v9.6", "h182.4" ] ],
    [ "flop6:R", "flop5:R", "white", [ "h0", "v9.6" ] ],
    [ "mega:22", "mux11:B", "black", [ "v-1.1", "h-170.6", "v-336", "h1468.8", "v0", "h662.4" ] ],
    [ "mega:23", "mux10:B", "black", [ "v-1.1", "h-170.2", "v-345.6", "h1680", "v0", "h441.6" ] ],
    [ "mega:24", "mux9:B", "black", [ "v-0.95", "h-189.8", "v-345.6", "h1545.6", "v0", "h432" ] ],
    [ "mega:25", "mux8:B", "black", [ "v-0.95", "h-189.4", "v-355.2", "h720", "v0", "h1123.2" ] ],
    [ "mega:26", "mux7:B", "black", [ "v-1.05", "h-209", "v-355.2", "h1171.2", "v0", "h537.6" ] ],
    [ "mega:27", "mux6:B", "black", [ "v-1.05", "h-208.6", "v-374.4", "h364.8", "v0", "h1152" ] ],
    [ "mega:28", "mux12:B", "black", [ "v-1.15", "h-228.2", "v-374.4", "h892.8" ] ],
    [ "mega:29", "mux5:B", "black", [ "v-1.15", "h-227.8", "v-384", "h979.2" ] ],
    [ "flop12:CLK", "mega:A1", "blue", [ "h-25.61", "v-301.84", "h-787.2", "v90.64", "h147.21" ] ],
    [
      "mux5:SEL",
      "mega:A5",
      "#8f4814",
      [ "v-4.24", "h-44.81", "v-134.4", "h0", "v-9.6", "h-806.4" ]
    ],
    [ "flop12:R", "mega:A8", "white", [ "h-102.41", "v-301.84", "h-835.2" ] ],
    [ "flop11:Q", "mega:34", "magenta", [ "v5.36", "h22.39", "v163.2", "h-2342.4", "v-9.6" ] ],
    [
      "flop10:Q",
      "mega:35",
      "magenta",
      [ "v5.36", "h22.39", "v153.6", "h-518.4", "v0", "h-633.6", "v0", "h-1036.8", "v-288" ]
    ],
    [
      "flop9:Q",
      "mega:36",
      "magenta",
      [ "v5.36", "h22.39", "v144", "h-979.2", "v0", "h-681.6", "v0", "h-384", "v-288" ]
    ],
    [
      "flop5:Q",
      "mega:37",
      "magenta",
      [
        "v5.36",
        "h12.79",
        "v134.4",
        "h-796.8",
        "v0",
        "h-528",
        "v0",
        "h-585.6",
        "v0",
        "h-76.8",
        "v0"
      ]
    ],
    [
      "mega:38",
      "flop6:Q",
      "magenta",
      [ "v-1.15", "h-266.6", "v134.4", "h0", "v144", "h652.8", "v0", "h1180.8", "v-105.6" ]
    ],
    [
      "mega:39",
      "flop7:Q",
      "magenta",
      [ "v-1.15", "h-266.2", "v268.8", "h1017.6", "v0", "h585.6", "v0", "h76.8", "v-124.8", "h0" ]
    ],
    [
      "flop8:Q",
      "mega:40",
      "magenta",
      [
        "v5.36",
        "h12.79",
        "v105.6",
        "h0",
        "v0",
        "h-508.8",
        "v-9.6",
        "h-892.8",
        "v0",
        "h-115.2",
        "v-259.2"
      ]
    ],
    [
      "mega:41",
      "flop12:Q",
      "magenta",
      [ "v-1.25", "h-285.4", "v249.6", "h499.2", "v0", "h864", "v-96" ]
    ],
    [ "flop28:Q", "mux21:A", "green", [ "v0" ] ],
    [ "flop24:Q", "mux28:A", "green", [ "v0" ] ],
    [ "flop23:Q", "mux22:A", "green", [ "v0" ] ],
    [ "flop22:Q", "mux23:A", "green", [ "v0" ] ],
    [ "flop21:Q", "mux24:A", "green", [ "v0" ] ],
    [ "flop25:Q", "mux25:A", "green", [ "v0" ] ],
    [ "flop26:Q", "mux26:A", "green", [ "v0" ] ],
    [ "flop27:Q", "mux27:A", "green", [ "v0" ] ],
    [ "mux28:SEL", "mux22:SEL", "#8f4814", [ "v19.2", "h172.8" ] ],
    [ "mux22:SEL", "mux23:SEL", "#8f4814", [ "v28.8", "h192" ] ],
    [ "mux23:SEL", "mux24:SEL", "#8f4814", [ "v28.8", "h153.6" ] ],
    [ "mux24:SEL", "mux25:SEL", "#8f4814", [ "v28.8", "h144" ] ],
    [ "mux25:SEL", "mux26:SEL", "#8f4814", [ "v28.8", "h144" ] ],
    [ "mux26:SEL", "mux27:SEL", "#8f4814", [ "v28.8", "h163.2" ] ],
    [ "flop28:CLK", "flop24:CLK", "blue", [ "h0", "v48", "h163.2" ] ],
    [ "flop24:CLK", "flop23:CLK", "blue", [ "h0", "v57.6", "h182.4" ] ],
    [ "flop23:CLK", "flop22:CLK", "blue", [ "h0", "v57.6", "h163.2" ] ],
    [ "flop22:CLK", "flop21:CLK", "blue", [ "h0", "v67.2", "h153.6" ] ],
    [ "flop21:CLK", "flop25:CLK", "blue", [ "h0", "v57.6", "h144" ] ],
    [ "flop25:CLK", "flop26:CLK", "blue", [ "h0", "v57.6", "h153.6", "v-57.6" ] ],
    [ "flop26:CLK", "flop27:CLK", "blue", [ "h0", "v57.6", "h172.8" ] ],
    [ "mux21:OUT", "flop28:D", "green", [ "v48", "h-28.8" ] ],
    [ "mux28:OUT", "flop24:D", "green", [ "v38.4", "h-9.6" ] ],
    [ "mux22:OUT", "flop23:D", "green", [ "v28.8", "h-19.2", "v9.6" ] ],
    [ "mux23:OUT", "flop22:D", "green", [ "v19.2", "h-38.4" ] ],
    [ "mux24:OUT", "flop21:D", "green", [ "v28.8", "h-28.8" ] ],
    [ "mux25:OUT", "flop25:D", "green", [ "v38.4", "h-28.8" ] ],
    [ "mux26:OUT", "flop26:D", "green", [ "v28.8", "h-19.2" ] ],
    [ "mux27:OUT", "flop27:D", "green", [ "v19.2", "h-19.2" ] ],
    [ "mux21:SEL", "mux28:SEL", "#8f4814", [ "v28.8", "h144" ] ],
    [ "flop28:R", "flop24:R", "white", [ "h0" ] ],
    [ "flop23:R", "flop22:R", "white", [ "h0" ] ],
    [ "flop21:R", "flop25:R", "white", [ "h0" ] ],
    [ "flop25:R", "flop26:R", "white", [ "h0" ] ],
    [ "flop26:R", "flop27:R", "white", [ "h0" ] ],
    [ "flop24:R", "flop23:R", "white", [ "h0", "v9.6", "h182.4" ] ],
    [ "flop22:R", "flop21:R", "white", [ "h0", "v9.6" ] ],
    [ "flop28:CLK", "mega:A3", "blue", [ "h-21.41", "v184.76", "h-748.8" ] ],
    [ "mux21:SEL", "mega:A7", "#8f4814", [ "v2.36", "h-40.61", "v352.84", "h3483.91" ] ],
    [ "flop28:R", "mega:A10", "white", [ "h-98.21", "v134.4", "h3459.51" ] ],
    [ "mux27:B", "mega:6", "black", [ "v-122.44", "h-1737.6", "v2090.44" ] ],
    [ "mux26:B", "mega:7", "black", [ "v-112.84", "h-1584", "v1036.8", "h-223.01", "v1044.04" ] ],
    [ "mux25:B", "mega:8", "black", [ "v-103.24", "h-1449.6", "v1869.64", "h0", "v201.6" ] ],
    [ "mux24:B", "mega:9", "black", [ "v-93.64", "h-1315.2", "v1178.44", "h4184.9" ] ],
    [ "mega:10", "mux23:B", "black", [ "v86.4", "h509.1", "v-979.2", "h-4742.4", "v-1075.2" ] ],
    [ "mux22:B", "mega:11", "black", [ "v-74.44", "h-979.2", "v1140.04", "h4214" ] ],
    [ "mux28:B", "mega:12", "black", [ "v-74.44", "h-816", "v1120.84", "h4233.6" ] ],
    [ "mux21:B", "mega:13", "black", [ "v-55.24", "h-681.6", "v1101.64", "h4252.2" ] ],
    [ "gate1:OUT", "gate2:A", "black", [ "v0" ] ],
    [ "gate3:OUT", "gate5:A", "black", [ "v0" ] ],
    [ "gate1:OUT", "gate3:A", "black", [ "v0" ] ],
    [ "gate4:OUT", "gate5:B", "black", [ "v-1.44", "h72.41", "v-20.85" ] ],
    [ "gate1:A", "gate4:A", "green", [ "h-30.64", "v95.09" ] ],
    [ "gate2:B", "gate3:B", "green", [ "h-36.44", "v39.39" ] ],
    [ "xor5:OUT", "gate1:B", "green", [ "v0" ] ],
    [ "gate1:B", "gate4:B", "green", [ "h-7.8", "v95.56" ] ],
    [ "gate6:OUT", "gate7:A", "green", [ "v0" ] ],
    [ "gate8:OUT", "gate10:A", "black", [ "v0" ] ],
    [ "gate6:OUT", "gate8:A", "green", [ "v0" ] ],
    [ "gate9:OUT", "gate10:B", "green", [ "v-1.44", "h72.41", "v-20.85" ] ],
    [ "gate6:A", "gate9:A", "green", [ "h-30.64", "v95.09" ] ],
    [ "gate7:B", "gate8:B", "green", [ "h-36.44", "v39.39" ] ],
    [ "xor6:OUT", "gate6:B", "green", [ "v0" ] ],
    [ "gate6:B", "gate9:B", "green", [ "h-7.8", "v95.56" ] ],
    [ "gate11:OUT", "gate12:A", "green", [ "v0" ] ],
    [ "gate13:OUT", "gate15:A", "black", [ "v0" ] ],
    [ "gate11:OUT", "gate13:A", "green", [ "v0" ] ],
    [ "gate14:OUT", "gate15:B", "green", [ "v-1.44", "h72.41", "v-20.85" ] ],
    [ "gate11:A", "gate14:A", "green", [ "h-30.64", "v95.09" ] ],
    [ "gate12:B", "gate13:B", "green", [ "h-36.44", "v39.39" ] ],
    [ "xor7:OUT", "gate11:B", "green", [ "v0" ] ],
    [ "gate11:B", "gate14:B", "green", [ "h-7.8", "v95.56" ] ],
    [ "gate16:OUT", "gate17:A", "green", [ "v0" ] ],
    [ "gate18:OUT", "gate20:A", "black", [ "v0" ] ],
    [ "gate16:OUT", "gate18:A", "black", [ "v0" ] ],
    [ "gate19:OUT", "gate20:B", "green", [ "v-1.44", "h72.41", "v-20.85" ] ],
    [ "gate16:A", "gate19:A", "green", [ "h-30.64", "v95.09" ] ],
    [ "gate17:B", "gate18:B", "green", [ "h-36.44", "v39.39" ] ],
    [ "xor8:OUT", "gate16:B", "green", [ "v0" ] ],
    [ "gate16:B", "gate19:B", "green", [ "h-7.8", "v95.56" ] ],
    [ "gate5:OUT", "gate7:B", "green", [ "v163.67", "h-140.36", "v67.2" ] ],
    [ "gate10:OUT", "gate12:B", "green", [ "v106.21", "h-185.21", "v48" ] ],
    [ "gate15:OUT", "gate17:B", "green", [ "v87.01", "h-185.21", "v48" ] ],
    [ "gate21:OUT", "gate22:A", "green", [ "v0" ] ],
    [ "gate23:OUT", "gate25:A", "black", [ "v0" ] ],
    [ "gate21:OUT", "gate23:A", "black", [ "v0" ] ],
    [ "gate24:OUT", "gate25:B", "green", [ "v-1.44", "h72.41", "v-20.85" ] ],
    [ "gate21:A", "gate24:A", "green", [ "h-30.64", "v95.09" ] ],
    [ "gate22:B", "gate23:B", "green", [ "h-36.44", "v39.39" ] ],
    [ "gate26:OUT", "gate27:A", "green", [ "v0" ] ],
    [ "gate28:OUT", "gate30:A", "black", [ "v0" ] ],
    [ "gate26:OUT", "gate28:A", "green", [ "v0" ] ],
    [ "gate29:OUT", "gate30:B", "green", [ "v-1.44", "h72.41", "v-20.85" ] ],
    [ "gate26:A", "gate29:A", "green", [ "h-30.64", "v95.09" ] ],
    [ "gate27:B", "gate28:B", "green", [ "h-36.44", "v39.39" ] ],
    [ "xor10:OUT", "gate26:B", "green", [ "v0" ] ],
    [ "gate26:B", "gate29:B", "green", [ "h-7.8", "v95.56" ] ],
    [ "gate31:OUT", "gate32:A", "green", [ "v0" ] ],
    [ "gate33:OUT", "gate35:A", "black", [ "v0" ] ],
    [ "gate31:OUT", "gate33:A", "green", [ "v0" ] ],
    [ "gate34:OUT", "gate35:B", "green", [ "v-1.44", "h72.41", "v-20.85" ] ],
    [ "gate31:A", "gate34:A", "green", [ "h-30.64", "v95.09" ] ],
    [ "gate32:B", "gate33:B", "green", [ "h-36.44", "v39.39" ] ],
    [ "xor11:OUT", "gate31:B", "green", [ "v0" ] ],
    [ "gate31:B", "gate34:B", "green", [ "h-7.8", "v95.56" ] ],
    [ "gate36:OUT", "gate37:A", "green", [ "v0" ] ],
    [ "gate38:OUT", "gate40:A", "black", [ "v0" ] ],
    [ "gate36:OUT", "gate38:A", "green", [ "v0" ] ],
    [ "gate39:OUT", "gate40:B", "green", [ "v-1.44", "h72.41", "v-20.85" ] ],
    [ "gate36:A", "gate39:A", "green", [ "h-30.64", "v95.09" ] ],
    [ "gate37:B", "gate38:B", "green", [ "h-36.44", "v39.39" ] ],
    [ "xor12:OUT", "gate36:B", "green", [ "v0" ] ],
    [ "gate36:B", "gate39:B", "green", [ "h-7.8", "v95.56" ] ],
    [ "gate25:OUT", "gate27:B", "green", [ "v163.67", "h-140.36", "v67.2" ] ],
    [ "gate30:OUT", "gate32:B", "green", [ "v106.21", "h-185.21", "v48" ] ],
    [ "gate35:OUT", "gate37:B", "green", [ "v87.01", "h-185.21", "v48" ] ],
    [ "gate20:OUT", "gate22:B", "green", [ "v125.27", "h-274.76", "v48" ] ],
    [ "xor5:B", "xor6:B", "cyan", [ "h-86.4", "v192" ] ],
    [ "xor6:B", "xor7:B", "cyan", [ "h-46.2", "v220.36" ] ],
    [ "xor7:B", "xor8:B", "cyan", [ "h-75", "v162.76" ] ],
    [ "xor8:B", "xor9:B", "cyan", [ "h-86.4", "v297.6" ] ],
    [ "xor9:B", "xor10:B", "cyan", [ "h-147.64", "v191.53" ] ],
    [ "xor10:B", "xor12:B", "cyan", [ "h-124.8", "v374.4" ] ],
    [ "xor10:B", "xor11:B", "cyan", [ "h-124.8", "v201.6" ] ],
    [ "gate21:B", "xor9:OUT", "green", [ "h-11.44", "v171.89" ] ],
    [ "gate21:B", "gate24:B", "green", [ "h-11.44", "v95.09" ] ],
    [ "xor5:B", "gate2:B", "green", [ "h-57.6", "v-307.2", "h259.2", "v144" ] ],
    [ "gate36:A", "flop28:Q", "yellow", [ "h1.64", "v-38.48", "h950.4", "v-518.4", "h-4262.4" ] ],
    [
      "xor12:A",
      "flop19:Q",
      "blue",
      [ "h23.66", "v-139.41", "h624", "v1737.6", "h470.4", "v-28.8" ]
    ],
    [ "gate31:A", "flop24:Q", "yellow", [ "h4.79", "v-38.34", "h1593.6", "v624", "h19.2" ] ],
    [
      "xor11:A",
      "flop18:Q",
      "blue",
      [ "h4.46", "v-139.41", "h1113.6", "v1766.4", "v28.8", "h-2803.2" ]
    ],
    [
      "gate26:A",
      "flop23:Q",
      "yellow",
      [ "h8.1", "v-52.54", "h1689.6", "v9.6", "h585.6", "v-432", "h-4283.81" ]
    ],
    [ "xor10:A", "flop17:Q", "blue", [ "h8.1", "v-186.94", "h1536", "v1843.2", "h-9.6" ] ],
    [
      "gate21:A",
      "flop22:Q",
      "yellow",
      [ "h6.26", "v-82.25", "h1449.6", "v9.6", "h1468.8", "v-374.4", "h-4281.6" ]
    ],
    [
      "xor9:A",
      "flop13:Q",
      "blue",
      [ "h-11.1", "v-273.34", "h1612.8", "v9.6", "h403.2", "v480", "h0", "v835.2" ]
    ],
    [
      "gate16:A",
      "flop21:Q",
      "yellow",
      [ "h-1.5", "v-196.54", "h1776", "v9.6", "h1267.2", "v19.2", "h-48", "v662.4", "h-3724.8" ]
    ],
    [ "xor8:A", "flop14:Q", "blue", [ "h-1.5", "v-302.14", "h2563.2", "v1862.4", "h0", "v9.6" ] ],
    [
      "gate11:A",
      "flop25:Q",
      "yellow",
      [ "h-9.3", "v-177.78", "h931.2", "v0", "h2227.2", "v0", "h1161.6", "v710.4" ]
    ],
    [
      "xor7:A",
      "flop15:Q",
      "blue",
      [ "h-9.3", "v-302.58", "h1123.2", "v-9.6", "h1996.8", "v1910.4", "h-307.2" ]
    ],
    [
      "gate6:A",
      "flop26:Q",
      "yellow",
      [
        "h29.1",
        "v-177.78",
        "h940.8",
        "v-19.2",
        "h1036.8",
        "v9.6",
        "h2976",
        "v0",
        "h9.6",
        "v748.8"
      ]
    ],
    [
      "xor6:A",
      "flop16:Q",
      "blue",
      [ "h17.7", "v-330.94", "h3600", "v1948.8", "h-470.4", "v6.13" ]
    ],
    [
      "gate1:A",
      "flop27:Q",
      "yellow",
      [ "h0.3", "v-235.38", "h4531.2", "v9.6", "h1142.4", "v96", "h-4233.6" ]
    ],
    [ "xor5:A", "flop20:Q", "blue", [ "h-1.5", "v-417.34", "h4156.8", "v1977.6", "h-3715.2" ] ],
    [
      "xor5:B",
      "mega:A11",
      "cyan",
      [
        "h-1.5",
        "v331.46",
        "h9.6",
        "v201.6",
        "h1056",
        "v0",
        "h2313.6",
        "v0",
        "h220.8",
        "v0",
        "h38.4"
      ]
    ],
    [ "led10:A", "flop20:Q", "green", [ "v-28.8", "h57.6", "v-76.8" ] ],
    [ "led16:A", "flop16:Q", "green", [ "v-96", "h19.2", "v-19.2" ] ],
    [ "led15:A", "flop15:Q", "green", [ "v-96", "h9.6", "v-19.2" ] ],
    [ "led14:A", "flop14:Q", "green", [ "v-105.6", "h19.2", "v-19.2" ] ],
    [ "led13:A", "flop13:Q", "green", [ "v-105.6", "h19.2", "v-9.6" ] ],
    [ "led12:A", "flop17:Q", "green", [ "v-67.2", "h48", "v-38.4" ] ],
    [ "led11:A", "flop18:Q", "green", [ "v-86.4", "h28.8", "v-19.2" ] ],
    [ "led17:A", "flop19:Q", "green", [ "v-76.8", "h48", "v-19.2" ] ],
    [ "led17:C", "gnd2:GND", "black", [ "v-9.6", "h57.2" ] ],
    [ "led11:C", "gnd2:GND", "black", [ "v-9.6", "h47.6", "v57.6", "h180.53" ] ],
    [ "led12:C", "gnd2:GND", "black", [ "v-9.6", "h47.6", "v57.6", "h362.93" ] ],
    [ "led13:C", "gnd2:GND", "black", [ "v-9.6", "h47.6", "v57.6", "h478.13" ] ],
    [ "led14:C", "gnd2:GND", "black", [ "v-9.6", "h47.6", "v57.6", "h631.73" ] ],
    [ "led15:C", "gnd2:GND", "black", [ "v-9.6", "h38", "v57.6", "h833.33" ] ],
    [ "led16:C", "gnd2:GND", "black", [ "v-9.6", "h38", "v57.6", "h1025.33" ] ],
    [ "led10:C", "gnd2:GND", "black", [ "v-9.6", "h38", "v57.6", "h1188.53" ] ],
    [ "sr1:GND", "gnd1:GND", "black", [ "v0", "h28.8" ] ],
    [
      "sr1:VCC",
      "mega:5V",
      "red",
      [ "v-37.2", "h153.6", "v259.2", "h-1132.8", "v230.4", "h-564.1" ]
    ],
    [ "gate2:OUT", "sr1:Q0", "white", [ "v4.7", "h125.22", "v412.8", "h4089.6", "v0", "h585.6" ] ],
    [
      "gate7:OUT",
      "sr1:Q1",
      "white",
      [ "v-4.54", "h84.9", "v460.8", "h4252.8", "v163.2", "h57.6", "v0", "h124.8" ]
    ],
    [
      "gate12:OUT",
      "sr1:Q2",
      "white",
      [ "v4.62", "h153.9", "v220.8", "h0", "v220.8", "h3638.4", "v153.6", "h230.4" ]
    ],
    [
      "gate17:OUT",
      "sr1:Q3",
      "white",
      [
        "v-4.9",
        "h125.22",
        "v432",
        "h384",
        "v0",
        "h2092.8",
        "v9.6",
        "h547.2",
        "v134.4",
        "h259.2"
      ]
    ],
    [
      "gate22:OUT",
      "sr1:Q4",
      "white",
      [ "v4.23", "h121.58", "v537.6", "h624", "v0", "h1920", "v76.8", "h0", "v67.2", "h307.2" ]
    ],
    [
      "gate27:OUT",
      "sr1:Q5",
      "white",
      [ "v-4.54", "h113.7", "v547.2", "h1641.6", "v0", "h432", "v144", "h316.8" ]
    ],
    [
      "gate32:OUT",
      "sr1:Q6",
      "white",
      [ "v4.37", "h230.33", "v547.2", "h748.8", "v19.2", "h720", "v124.8", "h326.4" ]
    ],
    [
      "gate37:OUT",
      "sr1:Q7",
      "white",
      [ "v4.23", "h150.38", "v412.8", "h499.2", "v268.8", "h892.8", "v0" ]
    ],
    [ "sr1:Q0", "led9:A", "green", [ "v-152.4", "h182.4" ] ],
    [ "sr1:Q1", "led8:A", "green", [ "v28.8", "h172.8" ] ],
    [ "sr1:Q2", "led7:A", "green", [ "v38.4", "h124.8" ] ],
    [ "sr1:Q3", "led6:A", "green", [ "v48", "h96" ] ],
    [ "sr1:Q4", "led5:A", "green", [ "v57.6", "h57.6" ] ],
    [ "sr1:Q5", "led4:A", "green", [ "v67.2", "h48", "v-240", "h-38.4" ] ],
    [ "sr1:Q6", "led3:A", "green", [ "v76.8", "h48", "v-230.4", "h-76.8" ] ],
    [ "sr1:Q7", "led2:A", "green", [ "v57.6", "h67.2", "v-201.6", "h-124.8" ] ],
    [ "led1:C", "gnd1:GND", "black", [ "v115.2", "h307.6" ] ],
    [ "led2:C", "gnd1:GND", "black", [ "v115.2", "h278.8", "v96" ] ],
    [ "led3:C", "gnd1:GND", "black", [ "v115.2", "h250", "v105.6" ] ],
    [ "led4:C", "gnd1:GND", "black", [ "v115.2", "h211.6" ] ],
    [ "led5:C", "gnd1:GND", "black", [ "v115.2", "h192.4", "v96", "v0" ] ],
    [ "led6:C", "gnd1:GND", "black", [ "v115.2", "h163.6", "v-28.8" ] ],
    [ "led7:C", "gnd1:GND", "black", [ "v115.2", "h134.8", "v19.2" ] ],
    [ "led8:C", "gnd1:GND", "black", [ "v115.2", "h106", "v-28.8" ] ],
    [ "led9:C", "gnd1:GND", "black", [ "v115.2", "h77.2", "v105.6" ] ],
    [ "sr1:OE", "gnd1:GND", "black", [ "v-46.8", "h230.4" ] ],
    [
      "sr1:DS",
      "mega:A15",
      "magenta",
      [ "v-27.6", "h172.8", "v220.8", "h-787.2", "v-19.2", "h-777.6", "v230.4", "h-288", "v86.4" ]
    ],
    [
      "sr1:STCP",
      "mega:A14",
      "magenta",
      [ "v-18", "h134.4", "v192", "h-1171.2", "v28.8", "h-355.2", "v211.2", "h-297.6" ]
    ],
    [
      "sr1:SHCP",
      "mega:A13",
      "magenta",
      [
        "v-8.4",
        "h134.4",
        "v201.6",
        "h-422.4",
        "v-9.6",
        "h-470.4",
        "v9.6",
        "h-652.8",
        "v144",
        "h-67.2",
        "v96",
        "h-211.2"
      ]
    ],
    [ "flop12:Q", "led18:A", "green", [ "v0" ] ],
    [ "flop8:Q", "led19:A", "green", [ "v201.6", "h-163.2" ] ],
    [ "flop7:Q", "led20:A", "green", [ "v220.8", "h-38.4" ] ],
    [ "flop6:Q", "led22:A", "green", [ "v211.2", "h-355.2" ] ],
    [ "flop5:Q", "led21:A", "green", [ "v240", "h-470.4" ] ],
    [ "flop9:Q", "led23:A", "green", [ "v230.4", "h-412.8", "v0", "h-172.8" ] ],
    [ "flop10:Q", "led24:A", "green", [ "v192", "h-518.4" ] ],
    [ "flop11:Q", "led25:A", "green", [ "v211.2", "h-460.8" ] ],
    [ "led18:C", "gnd3:GND", "black", [ "v-28.8", "h354.8" ] ],
    [ "led19:C", "gnd3:GND", "black", [ "v-28.8", "h354.8" ] ],
    [ "led20:C", "gnd3:GND", "black", [ "v-28.8", "h326" ] ],
    [ "led22:C", "gnd3:GND", "black", [ "v-28.8", "h278" ] ],
    [ "led21:C", "gnd3:GND", "black", [ "v-28.8", "h239.6" ] ],
    [ "led23:C", "gnd3:GND", "black", [ "v-28.8", "h210.8", "v76.8" ] ],
    [ "led24:C", "gnd3:GND", "black", [ "v-28.8", "h172.4" ] ],
    [ "led25:C", "gnd3:GND", "black", [ "v-28.8", "h134", "v76.8" ] ],
    [ "flop1:Q", "led26:A", "green", [ "v0" ] ],
    [ "flop2:Q", "led27:A", "green", [ "v76.8", "h144" ] ],
    [ "flop3:Q", "led28:A", "green", [ "v124.8", "h307.2" ] ],
    [ "flop4:Q", "led29:A", "green", [ "v134.4", "h470.4" ] ],
    [ "led29:C", "gnd4:GND", "black", [ "v-28.8", "h201.2", "v67.2" ] ],
    [ "led28:C", "gnd4:GND", "black", [ "v-28.8", "h162.8" ] ],
    [ "led27:C", "gnd4:GND", "black", [ "v-28.8", "h134" ] ],
    [ "led26:C", "gnd4:GND", "black", [ "v-28.8", "h114.8" ] ],
    [ "flop27:Q", "led30:A", "green", [ "v-192", "h-86.4", "v-211.2" ] ],
    [ "flop26:Q", "led31:A", "green", [ "v-374.4", "h38.4" ] ],
    [ "flop25:Q", "led32:A", "green", [ "v-374.4", "h172.8" ] ],
    [ "flop21:Q", "led33:A", "green", [ "v-374.4", "h288" ] ],
    [ "flop22:Q", "led34:A", "green", [ "v-374.4", "h422.4" ] ],
    [ "flop23:Q", "led35:A", "green", [ "v-376.76", "h559.01" ] ],
    [ "flop24:Q", "led36:A", "green", [ "v-376.76", "h712.61" ] ],
    [ "flop28:Q", "led37:A", "green", [ "v-374.4", "h835.2" ] ],
    [ "led30:C", "gnd5:GND", "black", [ "v0" ] ],
    [ "led31:C", "gnd5:GND", "black", [ "v0" ] ],
    [ "led32:C", "gnd5:GND", "black", [ "v0" ] ],
    [ "led33:C", "gnd5:GND", "black", [ "v0" ] ],
    [ "led34:C", "gnd5:GND", "black", [ "v0" ] ],
    [ "led35:C", "gnd5:GND", "black", [ "v0" ] ],
    [ "led36:C", "gnd5:GND", "black", [ "v0" ] ],
    [ "led37:C", "gnd5:GND", "black", [ "v0" ] ],
    [ "gate40:OUT", "led1:A", "green", [ "v331.46", "h401.7", "v0", "h614.4" ] ]
  ],
  "dependencies": {}
}